Model,Accuracy,Weighted F1
Random Forest,0.6363636363636364,0.6033057851239669
Logistic Regression,0.5454545454545454,0.4484848484848485
